{
    "Logistic Regression": {
        "Accuracy": 0.9879919946631087,
        "Precision": 0.11649214659685864,
        "Recall": 0.9081632653061225,
        "F1 Score": 0.20649651972157773,
        "ROC AUC": 0.9761260845784572
    },
    "Random Forest": {
        "Accuracy": 0.999385555282469,
        "Precision": 0.8247422680412371,
        "Recall": 0.8163265306122449,
        "F1 Score": 0.8205128205128205,
        "ROC AUC": 0.9832555190759478
    },
    "XGBoost": {
        "Accuracy": 0.9993679997191109,
        "Precision": 0.7980769230769231,
        "Recall": 0.8469387755102041,
        "F1 Score": 0.8217821782178217,
        "ROC AUC": 0.9813701577986287
    }
}